CREATE DATABASE  IF NOT EXISTS `fidelidade` /*!40100 DEFAULT CHARACTER SET latin1 */;
USE `fidelidade`;
-- MySQL dump 10.13  Distrib 5.6.17, for Win32 (x86)
--
-- Host: 127.0.0.1    Database: fidelidade
-- ------------------------------------------------------
-- Server version	5.6.25

/*!40101 SET @OLD_CHARACTER_SET_CLIENT=@@CHARACTER_SET_CLIENT */;
/*!40101 SET @OLD_CHARACTER_SET_RESULTS=@@CHARACTER_SET_RESULTS */;
/*!40101 SET @OLD_COLLATION_CONNECTION=@@COLLATION_CONNECTION */;
/*!40101 SET NAMES utf8 */;
/*!40103 SET @OLD_TIME_ZONE=@@TIME_ZONE */;
/*!40103 SET TIME_ZONE='+00:00' */;
/*!40014 SET @OLD_UNIQUE_CHECKS=@@UNIQUE_CHECKS, UNIQUE_CHECKS=0 */;
/*!40014 SET @OLD_FOREIGN_KEY_CHECKS=@@FOREIGN_KEY_CHECKS, FOREIGN_KEY_CHECKS=0 */;
/*!40101 SET @OLD_SQL_MODE=@@SQL_MODE, SQL_MODE='NO_AUTO_VALUE_ON_ZERO' */;
/*!40111 SET @OLD_SQL_NOTES=@@SQL_NOTES, SQL_NOTES=0 */;

--
-- Table structure for table `tb_arquivo`
--

DROP TABLE IF EXISTS `tb_arquivo`;
/*!40101 SET @saved_cs_client     = @@character_set_client */;
/*!40101 SET character_set_client = utf8 */;
CREATE TABLE `tb_arquivo` (
  `id_arquivo` int(11) NOT NULL AUTO_INCREMENT,
  `no_arquivo` varchar(100) NOT NULL,
  `dt_processamento` datetime NOT NULL,
  `no_blob_arquivo` blob NOT NULL,
  PRIMARY KEY (`id_arquivo`)
) ENGINE=InnoDB AUTO_INCREMENT=38 DEFAULT CHARSET=latin1;
/*!40101 SET character_set_client = @saved_cs_client */;

--
-- Dumping data for table `tb_arquivo`
--

LOCK TABLES `tb_arquivo` WRITE;
/*!40000 ALTER TABLE `tb_arquivo` DISABLE KEYS */;
INSERT INTO `tb_arquivo` VALUES (1,'[DATA HORA]\r\n11/04/2007 12:46:32|100\r\n[FIM DATA HORA]\r\n[DADOS PEDIDO]\r\n5|COCA COLA LATA 350ML|2|1,21','2015-08-15 14:20:32',''),(2,'[DATA HORA]\r\n11/04/2007 12:46:32|100\r\n[FIM DATA HORA]\r\n[DADOS PEDIDO]\r\n5|COCA COLA LATA 350ML|2|1,21','2015-08-15 14:22:11',''),(3,'1737068982400519807052014140301 - Copia.TXT','2015-08-15 14:25:01','[DATA HORA]\r\n11/04/2007 12:46:32|100\r\n[FIM DATA HORA]\r\n[DADOS PEDIDO]\r\n5|COCA COLA LATA 350ML|2|1,217| CHOPP BRAHMA 330ML|1|2\r\n[FIM DADOS PEDIDO]\r\n[INICIO PAGAMENTO]\r\n1325|4,4|10|0|0|0|0|0|0|0|5,16|0,44|0|0\r\n[FIM PAGAMENTO]\r\n'),(4,'1737068982400519807052014140301.TXT','2015-08-15 14:26:13','[DATA HORA]\r\n11/04/2007 12:46:32|100\r\n[FIM DATA HORA]\r\n[DADOS PEDIDO]\r\n5|COCA COLA LATA 350ML|2|1,217| CHOPP BRAHMA 330ML|1|2\r\n[FIM DADOS PEDIDO]\r\n[INICIO PAGAMENTO]\r\n1325|4,4|10|0|0|0|0|0|0|0|5,16|0,44|0|0\r\n[FIM PAGAMENTO]\r\n'),(5,'1737068982400519807052014140301.TXT','2015-08-15 15:41:13','[DATA HORA]\r\n11/04/2007 12:46:32|100\r\n[FIM DATA HORA]\r\n[DADOS PEDIDO]\r\n5|COCA COLA LATA 350ML|2|1,217| CHOPP BRAHMA 330ML|1|2\r\n[FIM DADOS PEDIDO]\r\n[INICIO PAGAMENTO]\r\n1325|4,4|10|0|0|0|0|0|0|0|5,16|0,44|0|0\r\n[FIM PAGAMENTO]\r\n'),(6,'1737068982400519807052014140301.TXT','2015-08-15 15:41:52','[DATA HORA]\r\n11/04/2007 12:46:32|100\r\n[FIM DATA HORA]\r\n[DADOS PEDIDO]\r\n5|COCA COLA LATA 350ML|2|1,217| CHOPP BRAHMA 330ML|1|2\r\n[FIM DADOS PEDIDO]\r\n[INICIO PAGAMENTO]\r\n1325|4,4|10|0|0|0|0|0|0|0|5,16|0,44|0|0\r\n[FIM PAGAMENTO]\r\n'),(7,'1737068982400519807052014140301.TXT','2015-08-15 15:42:47','[DATA HORA]\r\n11/04/2007 12:46:32|100\r\n[FIM DATA HORA]\r\n[DADOS PEDIDO]\r\n5|COCA COLA LATA 350ML|2|1,217| CHOPP BRAHMA 330ML|1|2\r\n[FIM DADOS PEDIDO]\r\n[INICIO PAGAMENTO]\r\n1325|4,4|10|0|0|0|0|0|0|0|5,16|0,44|0|0\r\n[FIM PAGAMENTO]\r\n'),(8,'1737068982400519807052014140301.TXT','2015-08-15 15:45:05','[DATA HORA]\r\n11/04/2007 12:46:32|100\r\n[FIM DATA HORA]\r\n[DADOS PEDIDO]\r\n5|COCA COLA LATA 350ML|2|1,217| CHOPP BRAHMA 330ML|1|2\r\n[FIM DADOS PEDIDO]\r\n[INICIO PAGAMENTO]\r\n1325|4,4|10|0|0|0|0|0|0|0|5,16|0,44|0|0\r\n[FIM PAGAMENTO]\r\n'),(9,'1737068982400519807052014140301.TXT','2015-08-15 15:50:29','[DATA HORA]\r\n11/04/2007 12:46:32|100\r\n[FIM DATA HORA]\r\n[DADOS PEDIDO]\r\n5|COCA COLA LATA 350ML|2|1,217| CHOPP BRAHMA 330ML|1|2\r\n[FIM DADOS PEDIDO]\r\n[INICIO PAGAMENTO]\r\n1325|4,4|10|0|0|0|0|0|0|0|5,16|0,44|0|0\r\n[FIM PAGAMENTO]\r\n'),(10,'1737068982400519807052014140301.TXT','2015-08-15 15:50:31','[DATA HORA]\r\n11/04/2007 12:46:32|100\r\n[FIM DATA HORA]\r\n[DADOS PEDIDO]\r\n5|COCA COLA LATA 350ML|2|1,217| CHOPP BRAHMA 330ML|1|2\r\n[FIM DADOS PEDIDO]\r\n[INICIO PAGAMENTO]\r\n1325|4,4|10|0|0|0|0|0|0|0|5,16|0,44|0|0\r\n[FIM PAGAMENTO]\r\n'),(11,'1737068982400519807052014140301.TXT','2015-08-15 15:50:57','[DATA HORA]\r\n11/04/2007 12:46:32|100\r\n[FIM DATA HORA]\r\n[DADOS PEDIDO]\r\n5|COCA COLA LATA 350ML|2|1,217| CHOPP BRAHMA 330ML|1|2\r\n[FIM DADOS PEDIDO]\r\n[INICIO PAGAMENTO]\r\n1325|4,4|10|0|0|0|0|0|0|0|5,16|0,44|0|0\r\n[FIM PAGAMENTO]\r\n'),(12,'1737068982400519807052014140301.TXT','2015-08-15 15:53:44','[DATA HORA]\r\n11/04/2007 12:46:32|100\r\n[FIM DATA HORA]\r\n[DADOS PEDIDO]\r\n5|COCA COLA LATA 350ML|2|1,217| CHOPP BRAHMA 330ML|1|2\r\n[FIM DADOS PEDIDO]\r\n[INICIO PAGAMENTO]\r\n1325|4,4|10|0|0|0|0|0|0|0|5,16|0,44|0|0\r\n[FIM PAGAMENTO]\r\n'),(13,'1737068982400519807052014140301.TXT','2015-08-15 15:54:06','[DATA HORA]\r\n11/04/2007 12:46:32|100\r\n[FIM DATA HORA]\r\n[DADOS PEDIDO]\r\n5|COCA COLA LATA 350ML|2|1,217| CHOPP BRAHMA 330ML|1|2\r\n[FIM DADOS PEDIDO]\r\n[INICIO PAGAMENTO]\r\n1325|4,4|10|0|0|0|0|0|0|0|5,16|0,44|0|0\r\n[FIM PAGAMENTO]\r\n'),(14,'1737068982400519807052014140301.TXT','2015-08-15 15:55:29','[DATA HORA]\r\n11/04/2007 12:46:32|100\r\n[FIM DATA HORA]\r\n[DADOS PEDIDO]\r\n5|COCA COLA LATA 350ML|2|1,217| CHOPP BRAHMA 330ML|1|2\r\n[FIM DADOS PEDIDO]\r\n[INICIO PAGAMENTO]\r\n1325|4,4|10|0|0|0|0|0|0|0|5,16|0,44|0|0\r\n[FIM PAGAMENTO]\r\n'),(15,'1737068982400519807052014140301.TXT','2015-08-15 16:02:35','[DATA HORA]\r\n11/04/2007 12:46:32|100\r\n[FIM DATA HORA]\r\n[DADOS PEDIDO]\r\n5|COCA COLA LATA 350ML|2|1,217| CHOPP BRAHMA 330ML|1|2\r\n[FIM DADOS PEDIDO]\r\n[INICIO PAGAMENTO]\r\n1325|4,4|10|0|0|0|0|0|0|0|5,16|0,44|0|0\r\n[FIM PAGAMENTO]\r\n'),(16,'1737068982400519807052014140301.TXT','2015-08-15 16:02:44','[DATA HORA]\r\n11/04/2007 12:46:32|100\r\n[FIM DATA HORA]\r\n[DADOS PEDIDO]\r\n5|COCA COLA LATA 350ML|2|1,217| CHOPP BRAHMA 330ML|1|2\r\n[FIM DADOS PEDIDO]\r\n[INICIO PAGAMENTO]\r\n1325|4,4|10|0|0|0|0|0|0|0|5,16|0,44|0|0\r\n[FIM PAGAMENTO]\r\n'),(17,'1737068982400519807052014140301.TXT','2015-08-15 16:04:14','[DATA HORA]\r\n11/04/2007 12:46:32|100\r\n[FIM DATA HORA]\r\n[DADOS PEDIDO]\r\n5|COCA COLA LATA 350ML|2|1,217| CHOPP BRAHMA 330ML|1|2\r\n[FIM DADOS PEDIDO]\r\n[INICIO PAGAMENTO]\r\n1325|4,4|10|0|0|0|0|0|0|0|5,16|0,44|0|0\r\n[FIM PAGAMENTO]\r\n'),(18,'1737068982400519807052014140301.TXT','2015-08-15 16:04:21','[DATA HORA]\r\n11/04/2007 12:46:32|100\r\n[FIM DATA HORA]\r\n[DADOS PEDIDO]\r\n5|COCA COLA LATA 350ML|2|1,217| CHOPP BRAHMA 330ML|1|2\r\n[FIM DADOS PEDIDO]\r\n[INICIO PAGAMENTO]\r\n1325|4,4|10|0|0|0|0|0|0|0|5,16|0,44|0|0\r\n[FIM PAGAMENTO]\r\n'),(19,'1737068982400519807052014140301.TXT','2015-08-15 16:04:27','[DATA HORA]\r\n11/04/2007 12:46:32|100\r\n[FIM DATA HORA]\r\n[DADOS PEDIDO]\r\n5|COCA COLA LATA 350ML|2|1,217| CHOPP BRAHMA 330ML|1|2\r\n[FIM DADOS PEDIDO]\r\n[INICIO PAGAMENTO]\r\n1325|4,4|10|0|0|0|0|0|0|0|5,16|0,44|0|0\r\n[FIM PAGAMENTO]\r\n'),(20,'1737068982400519807052014140301.TXT','2015-08-15 16:04:36','[DATA HORA]\r\n11/04/2007 12:46:32|100\r\n[FIM DATA HORA]\r\n[DADOS PEDIDO]\r\n5|COCA COLA LATA 350ML|2|1,217| CHOPP BRAHMA 330ML|1|2\r\n[FIM DADOS PEDIDO]\r\n[INICIO PAGAMENTO]\r\n1325|4,4|10|0|0|0|0|0|0|0|5,16|0,44|0|0\r\n[FIM PAGAMENTO]\r\n'),(21,'1737068982400519807052014140301.TXT','2015-08-15 16:10:56','[DATA HORA]\r\n11/04/2007 12:46:32|100\r\n[FIM DATA HORA]\r\n[DADOS PEDIDO]\r\n5|COCA COLA LATA 350ML|2|1,217| CHOPP BRAHMA 330ML|1|2\r\n[FIM DADOS PEDIDO]\r\n[INICIO PAGAMENTO]\r\n1325|4,4|10|0|0|0|0|0|0|0|5,16|0,44|0|0\r\n[FIM PAGAMENTO]\r\n'),(22,'1737068982400519807052014140301.TXT','2015-08-15 16:13:07','[DATA HORA]\r\n11/04/2007 12:46:32|100\r\n[FIM DATA HORA]\r\n[DADOS PEDIDO]\r\n5|COCA COLA LATA 350ML|2|1,217| CHOPP BRAHMA 330ML|1|2\r\n[FIM DADOS PEDIDO]\r\n[INICIO PAGAMENTO]\r\n1325|4,40|10|0|0|0|0|0|0|0|5,16|0,44|0|0\r\n[FIM PAGAMENTO]\r\n'),(23,'1737068982400519807052014140301.TXT','2015-08-15 16:13:33','[DATA HORA]\r\n11/04/2007 12:46:32|100\r\n[FIM DATA HORA]\r\n[DADOS PEDIDO]\r\n5|COCA COLA LATA 350ML|2|1,217| CHOPP BRAHMA 330ML|1|2\r\n[FIM DADOS PEDIDO]\r\n[INICIO PAGAMENTO]\r\n1325|4,40|10|0|0|0|0|0|0|0|5,16|0,44|0|0\r\n[FIM PAGAMENTO]\r\n'),(24,'1737068982400519807052014140301.TXT','2015-08-15 16:17:32','[DATA HORA]\r\n11/04/2007 12:46:32|100\r\n[FIM DATA HORA]\r\n[DADOS PEDIDO]\r\n5|COCA COLA LATA 350ML|2|1,217| CHOPP BRAHMA 330ML|1|2\r\n[FIM DADOS PEDIDO]\r\n[INICIO PAGAMENTO]\r\n1325|4,40|10|0|0|0|0|0|0|0|5,16|0,44|0|0\r\n[FIM PAGAMENTO]\r\n'),(25,'1737068982400519807052014140301.TXT','2015-08-15 16:17:44','[DATA HORA]\r\n11/04/2007 12:46:32|100\r\n[FIM DATA HORA]\r\n[DADOS PEDIDO]\r\n5|COCA COLA LATA 350ML|2|1,217| CHOPP BRAHMA 330ML|1|2\r\n[FIM DADOS PEDIDO]\r\n[INICIO PAGAMENTO]\r\n1325|4,40|10|0|0|0|0|0|0|0|5,16|0,44|0|0\r\n[FIM PAGAMENTO]\r\n'),(26,'1737068982400519807052014140301.TXT','2015-08-15 16:17:52','[DATA HORA]\r\n11/04/2007 12:46:32|100\r\n[FIM DATA HORA]\r\n[DADOS PEDIDO]\r\n5|COCA COLA LATA 350ML|2|1,217| CHOPP BRAHMA 330ML|1|2\r\n[FIM DADOS PEDIDO]\r\n[INICIO PAGAMENTO]\r\n1325|4,40|10|0|0|0|0|0|0|0|5,16|0,44|0|0\r\n[FIM PAGAMENTO]\r\n'),(27,'1737068982400519807052014140301.TXT','2015-08-15 16:18:02','[DATA HORA]\r\n11/04/2007 12:46:32|100\r\n[FIM DATA HORA]\r\n[DADOS PEDIDO]\r\n5|COCA COLA LATA 350ML|2|1,217| CHOPP BRAHMA 330ML|1|2\r\n[FIM DADOS PEDIDO]\r\n[INICIO PAGAMENTO]\r\n1325|4,40|10|0|0|0|0|0|0|0|5,16|0,44|0|0\r\n[FIM PAGAMENTO]\r\n'),(28,'1737068982400519807052014140301.TXT','2015-08-15 16:18:55','[DATA HORA]\r\n11/04/2007 12:46:32|100\r\n[FIM DATA HORA]\r\n[DADOS PEDIDO]\r\n5|COCA COLA LATA 350ML|2|1,217| CHOPP BRAHMA 330ML|1|2\r\n[FIM DADOS PEDIDO]\r\n[INICIO PAGAMENTO]\r\n1325|4,40|10|0|0|0|0|0|0|0|5,16|0,44|0|0\r\n[FIM PAGAMENTO]\r\n'),(29,'1737068982400519807052014140301.TXT','2015-08-15 16:19:01','[DATA HORA]\r\n11/04/2007 12:46:32|100\r\n[FIM DATA HORA]\r\n[DADOS PEDIDO]\r\n5|COCA COLA LATA 350ML|2|1,217| CHOPP BRAHMA 330ML|1|2\r\n[FIM DADOS PEDIDO]\r\n[INICIO PAGAMENTO]\r\n1325|4,40|10|0|0|0|0|0|0|0|5,16|0,44|0|0\r\n[FIM PAGAMENTO]\r\n'),(30,'1737068982400519807052014140301.TXT','2015-08-15 16:19:12','[DATA HORA]\r\n11/04/2007 12:46:32|100\r\n[FIM DATA HORA]\r\n[DADOS PEDIDO]\r\n5|COCA COLA LATA 350ML|2|1,217| CHOPP BRAHMA 330ML|1|2\r\n[FIM DADOS PEDIDO]\r\n[INICIO PAGAMENTO]\r\n1325|4,40|10|0|0|0|0|0|0|0|5,16|0,44|0|0\r\n[FIM PAGAMENTO]\r\n'),(31,'1737068982400519807052014140301.TXT','2015-08-15 16:20:04','[DATA HORA]\r\n11/04/2007 12:46:32|100\r\n[FIM DATA HORA]\r\n[DADOS PEDIDO]\r\n5|COCA COLA LATA 350ML|2|1,217| CHOPP BRAHMA 330ML|1|2\r\n[FIM DADOS PEDIDO]\r\n[INICIO PAGAMENTO]\r\n1325|4,40|10|0|0|0|0|0|0|0|5,16|0,44|0|0\r\n[FIM PAGAMENTO]\r\n'),(32,'1737068982400519807052014140301.TXT','2015-08-15 16:20:13','[DATA HORA]\r\n11/04/2007 12:46:32|100\r\n[FIM DATA HORA]\r\n[DADOS PEDIDO]\r\n5|COCA COLA LATA 350ML|2|1,217| CHOPP BRAHMA 330ML|1|2\r\n[FIM DADOS PEDIDO]\r\n[INICIO PAGAMENTO]\r\n1325|4,40|10|0|0|0|0|0|0|0|5,16|0,44|0|0\r\n[FIM PAGAMENTO]\r\n'),(33,'1737068982400519807052014140301.TXT','2015-08-15 16:20:24','[DATA HORA]\r\n11/04/2007 12:46:32|100\r\n[FIM DATA HORA]\r\n[DADOS PEDIDO]\r\n5|COCA COLA LATA 350ML|2|1,217| CHOPP BRAHMA 330ML|1|2\r\n[FIM DADOS PEDIDO]\r\n[INICIO PAGAMENTO]\r\n1325|4,40|10|0|0|0|0|0|0|0|5,16|0,44|0|0\r\n[FIM PAGAMENTO]\r\n'),(34,'1737068982400519807052014140301.TXT','2015-08-15 16:20:59','[DATA HORA]\r\n11/04/2007 12:46:32|100\r\n[FIM DATA HORA]\r\n[DADOS PEDIDO]\r\n5|COCA COLA LATA 350ML|2|1,217| CHOPP BRAHMA 330ML|1|2\r\n[FIM DADOS PEDIDO]\r\n[INICIO PAGAMENTO]\r\n1325|4,40|10|0|0|0|0|0|0|0|5,16|0,44|0|0\r\n[FIM PAGAMENTO]\r\n'),(35,'1737068982400519807052014140301.TXT','2015-08-15 16:21:18','[DATA HORA]\r\n11/04/2007 12:46:32|100\r\n[FIM DATA HORA]\r\n[DADOS PEDIDO]\r\n5|COCA COLA LATA 350ML|2|1,217| CHOPP BRAHMA 330ML|1|2\r\n[FIM DADOS PEDIDO]\r\n[INICIO PAGAMENTO]\r\n1325|4,40|10|0|0|0|0|0|0|0|5,16|0,44|0|0\r\n[FIM PAGAMENTO]\r\n'),(36,'1737068982400519807052014140301.TXT','2015-08-16 19:54:15','[DATA HORA]\r\n07/05/2014 14:03:12|100\r\n[FIM DATA HORA]\r\n[DADOS PEDIDO]\r\n1|AGUA MINERAL SEM GAS 500ML|1|1\r\n[FIM DADOS PEDIDO]\r\n[INICIO PAGAMENTO]\r\n5198|100|1|0|0|0|0|0|0|0|0|0|0|0\r\n[FIM PAGAMENTO]\r\n'),(37,'1737068982400519807052014140301.TXT','2015-08-16 19:55:04','[DATA HORA]\r\n07/05/2014 14:03:12|100\r\n[FIM DATA HORA]\r\n[DADOS PEDIDO]\r\n1|AGUA MINERAL SEM GAS 500ML|1|1\r\n[FIM DADOS PEDIDO]\r\n[INICIO PAGAMENTO]\r\n5198|100,00|1|0|0|0|0|0|0|0|0|0|0|0\r\n[FIM PAGAMENTO]\r\n');
/*!40000 ALTER TABLE `tb_arquivo` ENABLE KEYS */;
UNLOCK TABLES;

--
-- Table structure for table `tb_transacao`
--

DROP TABLE IF EXISTS `tb_transacao`;
/*!40101 SET @saved_cs_client     = @@character_set_client */;
/*!40101 SET character_set_client = utf8 */;
CREATE TABLE `tb_transacao` (
  `id_transacao` int(11) NOT NULL AUTO_INCREMENT,
  `id_tipo_transacao` int(11) NOT NULL,
  `id_franquia` int(11) NOT NULL,
  `id_operador` int(11) DEFAULT NULL,
  `id_usuario` int(11) NOT NULL,
  `id_arquivo` int(11) DEFAULT NULL,
  `nu_valor` decimal(10,2) NOT NULL,
  `dt_cadastro` datetime NOT NULL,
  `st_ativo` int(11) NOT NULL,
  PRIMARY KEY (`id_transacao`),
  KEY `fk_transacao_franquia_idx` (`id_franquia`),
  KEY `fk_transacao_operador_idx` (`id_operador`),
  KEY `fk_transacao_usuario_idx` (`id_usuario`),
  KEY `fk_transacao_tipotransacao_idx` (`id_tipo_transacao`),
  KEY `fk_transacao_arquivo_idx` (`id_arquivo`),
  CONSTRAINT `fk_transacao_arquivo` FOREIGN KEY (`id_arquivo`) REFERENCES `tb_arquivo` (`id_arquivo`) ON DELETE NO ACTION ON UPDATE NO ACTION,
  CONSTRAINT `fk_transacao_franquia` FOREIGN KEY (`id_franquia`) REFERENCES `tb_franquia` (`id_franquia`) ON DELETE NO ACTION ON UPDATE NO ACTION,
  CONSTRAINT `fk_transacao_operador` FOREIGN KEY (`id_operador`) REFERENCES `tb_usuario` (`id_usuario`) ON DELETE NO ACTION ON UPDATE NO ACTION,
  CONSTRAINT `fk_transacao_tipotransacao` FOREIGN KEY (`id_tipo_transacao`) REFERENCES `tb_tipo_transacao` (`id_tipo_transacao`) ON DELETE NO ACTION ON UPDATE NO ACTION,
  CONSTRAINT `fk_transacao_usuario` FOREIGN KEY (`id_usuario`) REFERENCES `tb_usuario` (`id_usuario`) ON DELETE NO ACTION ON UPDATE NO ACTION
) ENGINE=InnoDB AUTO_INCREMENT=21 DEFAULT CHARSET=latin1;
/*!40101 SET character_set_client = @saved_cs_client */;

--
-- Dumping data for table `tb_transacao`
--

LOCK TABLES `tb_transacao` WRITE;
/*!40000 ALTER TABLE `tb_transacao` DISABLE KEYS */;
INSERT INTO `tb_transacao` VALUES (1,1,5,NULL,75,7,4.00,'2015-08-15 15:42:47',1),(2,2,5,NULL,75,8,4.00,'2015-08-15 15:45:05',1),(3,2,5,NULL,75,9,4.00,'2015-08-15 15:50:29',1),(4,1,5,NULL,75,10,4.00,'2015-08-15 15:50:31',1),(5,1,5,NULL,75,33,4.40,'2015-08-15 16:20:24',1),(6,1,5,NULL,75,34,4.40,'2015-08-15 16:21:00',1),(7,1,5,NULL,75,35,4.40,'2015-08-15 16:21:18',1),(8,2,5,1,75,NULL,1.12,'2015-08-16 19:10:36',1),(9,2,5,1,75,NULL,1.11,'2015-08-16 19:44:45',1),(10,2,5,1,75,NULL,0.00,'2015-08-16 19:48:30',1),(11,2,5,1,75,NULL,1.11,'2015-08-16 19:48:55',1),(12,2,5,1,75,NULL,1.11,'2015-08-16 19:50:25',1),(13,2,5,1,75,NULL,0.01,'2015-08-16 19:50:42',1),(14,2,5,1,75,NULL,0.02,'2015-08-16 19:51:22',1),(15,2,5,1,75,NULL,0.02,'2015-08-16 19:51:30',1),(16,2,5,1,75,NULL,0.10,'2015-08-16 19:52:05',1),(17,2,5,1,75,NULL,0.10,'2015-08-16 19:52:38',1),(18,2,5,1,75,NULL,0.23,'2015-08-16 19:53:14',1),(19,1,5,NULL,75,36,0.00,'2015-08-16 19:54:15',1),(20,1,5,NULL,75,37,100.00,'2015-08-16 19:55:04',1);
/*!40000 ALTER TABLE `tb_transacao` ENABLE KEYS */;
UNLOCK TABLES;

--
-- Table structure for table `tb_franquia`
--

DROP TABLE IF EXISTS `tb_franquia`;
/*!40101 SET @saved_cs_client     = @@character_set_client */;
/*!40101 SET character_set_client = utf8 */;
CREATE TABLE `tb_franquia` (
  `id_franquia` int(11) NOT NULL AUTO_INCREMENT,
  `id_franqueador` int(11) NOT NULL,
  `id_usuario` int(11) NOT NULL,
  `id_endereco` int(11) NOT NULL,
  `id_cardapio` int(11) NOT NULL,
  `nu_codigo_loja` int(11) NOT NULL,
  `no_franquia` varchar(100) NOT NULL,
  `dt_cadastro` datetime NOT NULL,
  `st_ativo` int(11) NOT NULL,
  PRIMARY KEY (`id_franquia`),
  KEY `fk_franquia_franqueador_idx` (`id_franqueador`),
  KEY `fk_franquia_endereco_idx` (`id_endereco`),
  KEY `id_cardapio` (`id_cardapio`),
  KEY `id_usuario` (`id_usuario`),
  CONSTRAINT `fk_franquia_endereco` FOREIGN KEY (`id_endereco`) REFERENCES `tb_endereco` (`id_endereco`) ON DELETE NO ACTION ON UPDATE NO ACTION,
  CONSTRAINT `fk_franquia_franqueador` FOREIGN KEY (`id_franqueador`) REFERENCES `tb_franqueador` (`id_franqueador`) ON DELETE NO ACTION ON UPDATE NO ACTION,
  CONSTRAINT `tb_franquia_ibfk_3` FOREIGN KEY (`id_cardapio`) REFERENCES `tb_cardapio` (`id_cardapio`),
  CONSTRAINT `tb_franquia_ibfk_4` FOREIGN KEY (`id_usuario`) REFERENCES `tb_usuario` (`id_usuario`)
) ENGINE=InnoDB AUTO_INCREMENT=6 DEFAULT CHARSET=latin1;
/*!40101 SET character_set_client = @saved_cs_client */;

--
-- Dumping data for table `tb_franquia`
--

LOCK TABLES `tb_franquia` WRITE;
/*!40000 ALTER TABLE `tb_franquia` DISABLE KEYS */;
INSERT INTO `tb_franquia` VALUES (5,56,76,65,4,100,'Glauber','2015-07-19 14:32:23',1);
/*!40000 ALTER TABLE `tb_franquia` ENABLE KEYS */;
UNLOCK TABLES;

--
-- Table structure for table `tb_tipo_transacao`
--

DROP TABLE IF EXISTS `tb_tipo_transacao`;
/*!40101 SET @saved_cs_client     = @@character_set_client */;
/*!40101 SET character_set_client = utf8 */;
CREATE TABLE `tb_tipo_transacao` (
  `id_tipo_transacao` int(11) NOT NULL AUTO_INCREMENT,
  `no_tipo_transacao` varchar(45) NOT NULL,
  PRIMARY KEY (`id_tipo_transacao`)
) ENGINE=InnoDB AUTO_INCREMENT=3 DEFAULT CHARSET=latin1;
/*!40101 SET character_set_client = @saved_cs_client */;

--
-- Dumping data for table `tb_tipo_transacao`
--

LOCK TABLES `tb_tipo_transacao` WRITE;
/*!40000 ALTER TABLE `tb_tipo_transacao` DISABLE KEYS */;
INSERT INTO `tb_tipo_transacao` VALUES (1,'Crédito'),(2,'Débito');
/*!40000 ALTER TABLE `tb_tipo_transacao` ENABLE KEYS */;
UNLOCK TABLES;
/*!40103 SET TIME_ZONE=@OLD_TIME_ZONE */;

/*!40101 SET SQL_MODE=@OLD_SQL_MODE */;
/*!40014 SET FOREIGN_KEY_CHECKS=@OLD_FOREIGN_KEY_CHECKS */;
/*!40014 SET UNIQUE_CHECKS=@OLD_UNIQUE_CHECKS */;
/*!40101 SET CHARACTER_SET_CLIENT=@OLD_CHARACTER_SET_CLIENT */;
/*!40101 SET CHARACTER_SET_RESULTS=@OLD_CHARACTER_SET_RESULTS */;
/*!40101 SET COLLATION_CONNECTION=@OLD_COLLATION_CONNECTION */;
/*!40111 SET SQL_NOTES=@OLD_SQL_NOTES */;

-- Dump completed on 2015-08-17  8:45:12
